,Airline,Airline ID,Source Airport,Source Airport ID,Destination Airport,Destination Airport ID,Equipment,Original Airline,Src City,Dest City,Airline Name
1064,4M,3201,JFK,3797,EZE,3988,777,4M,New York,Buenos Aires,Advance Leasing Company
1107,4O,17885,JFK,3797,MEX,1824,320,4O,New York,Mexico City,United Airways
3586,9E,3976,JFK,3797,MSY,3861,CR9,9E,New York,New Orleans,Maldivian Air Taxi
3589,9E,3976,LGA,3697,MSY,3861,CR9,9E,New York,New Orleans,Princess Air
5002,AA,24,CLT,3876,SFO,3469,321,AA,Charlotte,San Francisco,Aegean Airlines
5312,AA,24,DFW,3670,SFO,3469,738 757 763,AA,Dallas-Fort Worth,San Francisco,American Airlines
5516,AA,24,HKG,3077,SFO,3469,773 744,AA,Hong Kong,San Francisco,American Airlines
5519,AA,24,HND,2359,SFO,3469,787,AA,Tokyo,San Francisco,American Airlines
5591,AA,24,JFK,3797,AMM,2170,340 330,AA,New York,Amman,American Airlines
5592,AA,24,JFK,3797,ANU,2874,738,AA,New York,Antigua,American Airlines
5593,AA,24,JFK,3797,AUH,2179,777,AA,New York,Abu Dhabi,American Airlines
5594,AA,24,JFK,3797,AUS,3673,738,AA,New York,Austin,American Airlines
5595,AA,24,JFK,3797,BCN,1218,763,AA,New York,Barcelona,American Airlines
5596,AA,24,JFK,3797,BDA,4069,738,AA,New York,Bermuda,American Airlines
5597,AA,24,JFK,3797,BNA,3690,ER4,AA,New York,Nashville,American Airlines
5598,AA,24,JFK,3797,BOS,3448,738,AA,New York,Boston,American Airlines
5599,AA,24,JFK,3797,BWI,3849,ER4,AA,New York,Baltimore,American Airlines
5600,AA,24,JFK,3797,CCS,2851,757 738,AA,New York,Caracas,American Airlines
5601,AA,24,JFK,3797,CDG,1382,763 757,AA,New York,Paris,American Airlines
5602,AA,24,JFK,3797,CLE,3486,ER4,AA,New York,Cleveland,American Airlines
5603,AA,24,JFK,3797,CLT,3876,321 319,AA,New York,Charlotte,American Airlines
5604,AA,24,JFK,3797,CMH,3759,ER4 CR7,AA,New York,Columbus,American Airlines
5605,AA,24,JFK,3797,CUN,1852,738,AA,New York,Cancun,American Airlines
5606,AA,24,JFK,3797,CVG,3488,ER4,AA,New York,Cincinnati,American Airlines
5607,AA,24,JFK,3797,DCA,3520,738,AA,New York,Washington,American Airlines
5608,AA,24,JFK,3797,DFW,3670,738 757,AA,New York,Dallas-Fort Worth,American Airlines
5609,AA,24,JFK,3797,DOH,11051,777,AA,New York,Doha,American Airlines
5610,AA,24,JFK,3797,DUB,599,757,AA,New York,Dublin,American Airlines
5611,AA,24,JFK,3797,DUS,345,330,AA,New York,Duesseldorf,American Airlines
5612,AA,24,JFK,3797,EZE,3988,777,AA,New York,Buenos Aires,American Airlines
5613,AA,24,JFK,3797,FCO,1555,763,AA,New York,Rome,American Airlines
5614,AA,24,JFK,3797,GIG,2560,763,AA,New York,Rio De Janeiro,American Airlines
5615,AA,24,JFK,3797,GRU,2564,773 77W 777,AA,New York,Sao Paulo,American Airlines
5616,AA,24,JFK,3797,GYE,2673,763,AA,New York,Guayaquil,American Airlines
5617,AA,24,JFK,3797,HEL,421,330,AA,New York,Helsinki,American Airlines
5618,AA,24,JFK,3797,HKG,3077,773,AA,New York,Hong Kong,American Airlines
5619,AA,24,JFK,3797,IND,3585,ER4,AA,New York,Indianapolis,American Airlines
5620,AA,24,JFK,3797,LAS,3877,738,AA,New York,Las Vegas,American Airlines
5621,AA,24,JFK,3797,LAX,3484,32B 762,AA,New York,Los Angeles,American Airlines
5622,AA,24,JFK,3797,LCY,503,318,AA,New York,London,American Airlines
5623,AA,24,JFK,3797,LHR,507,777 77W,AA,New York,London,American Airlines
5624,AA,24,JFK,3797,LIM,2789,763,AA,New York,Lima,American Airlines
5625,AA,24,JFK,3797,MAD,1229,330 757 340,AA,New York,Madrid,American Airlines
5626,AA,24,JFK,3797,MAN,478,757,AA,New York,Manchester,American Airlines
5627,AA,24,JFK,3797,MCO,3878,763 757,AA,New York,Orlando,American Airlines
5628,AA,24,JFK,3797,MIA,3576,757 763 738,AA,New York,Miami,American Airlines
5629,AA,24,JFK,3797,MXP,1524,763,AA,New York,Milano,American Airlines
5630,AA,24,JFK,3797,NRT,2279,787 773,AA,New York,Tokyo,American Airlines
5631,AA,24,JFK,3797,ORD,3830,738,AA,New York,Chicago,American Airlines
5632,AA,24,JFK,3797,ORF,3611,ER4,AA,New York,Norfolk,American Airlines
5633,AA,24,JFK,3797,ORY,1386,757,AA,New York,Paris,American Airlines
5634,AA,24,JFK,3797,PAP,1897,763,AA,New York,Port-au-prince,American Airlines
5635,AA,24,JFK,3797,PHX,3462,321,AA,New York,Phoenix,American Airlines
5636,AA,24,JFK,3797,PIT,3570,ER4,AA,New York,Pittsburgh,American Airlines
5637,AA,24,JFK,3797,RDU,3626,ERD CR7,AA,New York,Raleigh-durham,American Airlines
5638,AA,24,JFK,3797,SAN,3731,738,AA,New York,San Diego,American Airlines
5639,AA,24,JFK,3797,SCL,2650,787,AA,New York,Santiago,American Airlines
5640,AA,24,JFK,3797,SEA,3577,738,AA,New York,Seattle,American Airlines
5641,AA,24,JFK,3797,SFO,3469,32B 763,AA,New York,San Francisco,American Airlines
5642,AA,24,JFK,3797,SJO,1885,738,AA,New York,San Jose,American Airlines
5643,AA,24,JFK,3797,SJU,2890,757,AA,New York,San Juan,American Airlines
5644,AA,24,JFK,3797,STT,2883,757,AA,New York,St. Thomas,American Airlines
5645,AA,24,JFK,3797,SXM,2899,757,AA,New York,Philipsburg,American Airlines
5646,AA,24,JFK,3797,TPA,3646,CR7,AA,New York,Tampa,American Airlines
5647,AA,24,JFK,3797,TXL,351,330,AA,New York,Berlin,American Airlines
5648,AA,24,JFK,3797,YUL,146,ERD,AA,New York,Montreal,American Airlines
5649,AA,24,JFK,3797,YYC,178,737,AA,New York,Calgary,American Airlines
5650,AA,24,JFK,3797,YYZ,193,CR7,AA,New York,Toronto,American Airlines
5651,AA,24,JFK,3797,ZRH,1678,763,AA,New York,Zurich,American Airlines
5745,AA,24,LAX,3484,SFO,3469,738,AA,Los Angeles,San Francisco,American Airlines
5767,AA,24,LGA,3697,BNA,3690,CR7,AA,New York,Nashville,American Airlines
5768,AA,24,LGA,3697,BOS,3448,319 E90,AA,New York,Boston,American Airlines
5769,AA,24,LGA,3697,CHO,4015,ERD,AA,New York,Charlottesville VA,American Airlines
5770,AA,24,LGA,3697,CLT,3876,321 319 320,AA,New York,Charlotte,American Airlines
5771,AA,24,LGA,3697,CMH,3759,CR7 ERD,AA,New York,Columbus,American Airlines
5772,AA,24,LGA,3697,DAY,3627,ERD,AA,New York,Dayton,American Airlines
5773,AA,24,LGA,3697,DCA,3520,319 E90,AA,New York,Washington,American Airlines
5774,AA,24,LGA,3697,DFW,3670,738,AA,New York,Dallas-Fort Worth,American Airlines
5775,AA,24,LGA,3697,DTW,3645,CR7,AA,New York,Detroit,American Airlines
5776,AA,24,LGA,3697,GSO,4008,ERD,AA,New York,Greensboro,American Airlines
5777,AA,24,LGA,3697,ILM,3845,ERD,AA,New York,Wilmington,American Airlines
5778,AA,24,LGA,3697,LIT,3660,CR7,AA,New York,Little Rock,American Airlines
5779,AA,24,LGA,3697,MIA,3576,738,AA,New York,Miami,American Airlines
5780,AA,24,LGA,3697,ORD,3830,738,AA,New York,Chicago,American Airlines
5781,AA,24,LGA,3697,ORF,3611,ERD,AA,New York,Norfolk,American Airlines
5782,AA,24,LGA,3697,PBI,3722,738,AA,New York,West Palm Beach,American Airlines
5783,AA,24,LGA,3697,PHL,3752,E90 DH3 319,AA,New York,Philadelphia,American Airlines
5784,AA,24,LGA,3697,PIT,3570,CRJ E75,AA,New York,Pittsburgh,American Airlines
5785,AA,24,LGA,3697,RDU,3626,ERD CR7,AA,New York,Raleigh-durham,American Airlines
5786,AA,24,LGA,3697,RIC,3608,ERD,AA,New York,Richmond,American Airlines
5787,AA,24,LGA,3697,ROA,4016,ERD,AA,New York,Roanoke VA,American Airlines
5788,AA,24,LGA,3697,SDF,4014,ERD,AA,New York,Louisville,American Airlines
5789,AA,24,LGA,3697,STL,3678,CR7,AA,New York,St. Louis,American Airlines
5790,AA,24,LGA,3697,TYS,3676,ERD,AA,New York,Knoxville,American Airlines
5791,AA,24,LGA,3697,XNA,4356,CR7,AA,New York,Bentonville,American Airlines
5792,AA,24,LGA,3697,YUL,146,ERD,AA,New York,Montreal,American Airlines
5793,AA,24,LGA,3697,YYZ,193,CR7,AA,New York,Toronto,American Airlines
5881,AA,24,LHR,507,SFO,3469,744,AA,London,San Francisco,American Airlines
6102,AA,24,MIA,3576,SFO,3469,763 757 738,AA,Miami,San Francisco,American Airlines
6327,AA,24,ORD,3830,SFO,3469,738,AA,Chicago,San Francisco,American Airlines
6385,AA,24,PDX,3720,SFO,3469,DH4 737,AA,Portland,San Francisco,American Airlines
6498,AA,24,PHL,3752,SFO,3469,320 321,AA,Philadelphia,San Francisco,American Airlines
6576,AA,24,PHX,3462,SFO,3469,320 321,AA,Phoenix,San Francisco,American Airlines
6625,AA,24,PSP,3839,SFO,3469,737,AA,Palm Springs,San Francisco,American Airlines
6643,AA,24,PVR,1836,SFO,3469,737,AA,Puerto Vallarta,San Francisco,American Airlines
6762,AA,24,SEA,3577,SFO,3469,737,AA,Seattle,San Francisco,American Airlines
7361,AB,214,JFK,3797,DUS,345,332,AB,New York,Duesseldorf,American Airlines
7362,AB,214,JFK,3797,TXL,351,332,AB,New York,Berlin,American Airlines
7942,AC,330,JFK,3797,YYZ,193,CRA,AC,New York,Toronto,Air Berlin
7957,AC,330,LGA,3697,YOW,100,CRJ,AC,New York,Ottawa,Air Berlin
7958,AC,330,LGA,3697,YUL,146,E75,AC,New York,Montreal,Air Berlin
7959,AC,330,LGA,3697,YYZ,193,E90 E75,AC,New York,Toronto,Air Berlin
8087,AC,330,YEG,49,SFO,3469,CR7,AC,Edmonton,San Francisco,Air Berlin
8219,AC,330,YUL,146,SFO,3469,319,AC,Montreal,San Francisco,Air Berlin
8270,AC,330,YVR,156,SFO,3469,E90 320 319,AC,Vancouver,San Francisco,Air Berlin
8342,AC,330,YYC,178,SFO,3469,CR7,AC,Calgary,San Francisco,Air Berlin
8369,AC,330,YYJ,184,SFO,3469,CRJ,AC,Victoria,San Francisco,Air Canada
8464,AC,330,YYZ,193,SFO,3469,320,AC,Toronto,San Francisco,Air Canada
9152,AF,137,ATL,3682,SFO,3469,763 739 757,AF,Atlanta,San Francisco,Air Paradise International
9395,AF,137,CDG,1382,SFO,3469,388,AF,Paris,San Francisco,Azul
9592,AF,137,JFK,3797,ATL,3682,319 738 752,AF,New York,Atlanta,Air Paradise International
9593,AF,137,JFK,3797,BCN,1218,333,AF,New York,Barcelona,Azul
9594,AF,137,JFK,3797,BRU,302,76W,AF,New York,Brussels,Air Paradise International
9595,AF,137,JFK,3797,CDG,1382,332 772 388 343,AF,New York,Paris,Azul
9596,AF,137,JFK,3797,DUB,599,752,AF,New York,Dublin,Air Paradise International
9597,AF,137,JFK,3797,FRA,340,76W,AF,New York,Frankfurt,Azul
9598,AF,137,JFK,3797,LHR,507,764 76W,AF,New York,London,Air Paradise International
9599,AF,137,JFK,3797,MAD,1229,764,AF,New York,Madrid,Azul
9600,AF,137,JFK,3797,MSY,3861,CR9,AF,New York,New Orleans,Air Paradise International
9601,AF,137,JFK,3797,NCE,1354,764,AF,New York,Nice,Azul
9602,AF,137,JFK,3797,PAP,1897,738,AF,New York,Port-au-prince,Air Paradise International
9644,AF,137,LGA,3697,ATL,3682,M88 757,AF,New York,Atlanta,Air Paradise International
9768,AF,137,MSP,3858,SFO,3469,753,AF,Minneapolis,San Francisco,Air Paradise International
10494,AI,218,HKG,3077,SFO,3469,77W,AI,Hong Kong,San Francisco,Air France
10511,AI,218,ICN,3930,SFO,3469,77W,AI,Seoul,San Francisco,Air France
10553,AI,218,JFK,3797,DEL,3093,77W,AI,New York,Delhi,Air France
10554,AI,218,JFK,3797,LHR,507,772,AI,New York,London,Air France
10899,AM,321,BJX,1815,SFO,3469,738,AM,Del Bajio,San Francisco,Air France
10982,AM,321,GDL,1804,SFO,3469,738,AM,Guadalajara,San Francisco,Air France
11013,AM,321,JFK,3797,ATL,3682,752 319 757 738,AM,New York,Atlanta,Air Algerie
11014,AM,321,JFK,3797,CUN,1852,738,AM,New York,Cancun,Air Algerie
11015,AM,321,JFK,3797,MEX,1824,738 787,AM,New York,Mexico City,Air Algerie
11030,AM,321,LGA,3697,ATL,3682,M88 757 738,AM,New York,Atlanta,Air Algerie
11111,AM,321,MEX,1824,SFO,3469,737,AM,Mexico City,San Francisco,Air Algerie
11137,AM,321,MLM,1821,SFO,3469,738,AM,Morelia,San Francisco,Air Algerie
11195,AM,321,PVR,1836,SFO,3469,73J 739,AM,Puerto Vallarta,San Francisco,Air Algerie
11223,AM,321,SJD,1840,SFO,3469,734,AM,San Jose Del Cabo,San Francisco,Air India Limited
11472,AR,412,JFK,3797,EZE,3988,330,AR,New York,Buenos Aires,Air India Limited
11626,AS,439,DFW,3670,SFO,3469,738 757 763,AS,Dallas-Fort Worth,San Francisco,AirAsia
11671,AS,439,JFK,3797,LAX,3484,321 762,AS,New York,Los Angeles,AirAsia
11672,AS,439,JFK,3797,SAN,3731,757 73H,AS,New York,San Diego,AirAsia
11673,AS,439,JFK,3797,SEA,3577,738,AS,New York,Seattle,AirAsia
11674,AS,439,JFK,3797,SFO,3469,321 763,AS,New York,San Francisco,AirAsia
11735,AS,439,LAX,3484,SFO,3469,738,AS,Los Angeles,San Francisco,AirAsia
11768,AS,439,MIA,3576,SFO,3469,763 757 738,AS,Miami,San Francisco,AirAsia
11806,AS,439,ORD,3830,SFO,3469,738,AS,Chicago,San Francisco,AeroMéxico
11843,AS,439,PDX,3720,SFO,3469,734 73G,AS,Portland,San Francisco,AeroMéxico
11864,AS,439,PSP,3839,SFO,3469,734,AS,Palm Springs,San Francisco,AeroMéxico
11870,AS,439,PVR,1836,SFO,3469,73J 739,AS,Puerto Vallarta,San Francisco,AeroMéxico
11964,AS,439,SEA,3577,SFO,3469,73J 734 73G 73H 739,AS,Seattle,San Francisco,AeroMéxico
12003,AS,439,SJD,1840,SFO,3469,734,AS,San Jose Del Cabo,San Francisco,AeroMéxico
12184,AT,4248,JFK,3797,CMN,1074,763,AT,New York,Casablanca,AeroMéxico
12427,AV,515,JFK,3797,BOG,2709,319 330,AV,New York,Bogota,Aerolineas Argentinas
12428,AV,515,JFK,3797,MDE,2745,319,AV,New York,Rio Negro,Aerolineas Argentinas
12429,AV,515,JFK,3797,SAL,1892,320 321,AV,New York,San Salvador,Aerolineas Argentinas
12430,AV,515,JFK,3797,SAP,1772,320,AV,New York,San Pedro Sula,Aerolineas Argentinas
12530,AV,515,SAL,1892,SFO,3469,319 320,AV,San Salvador,San Francisco,Aerolineas Argentinas
12740,AY,2350,JFK,3797,BCN,1218,763,AY,New York,Barcelona,Alaska Airlines
12741,AY,2350,JFK,3797,CDG,1382,763 757,AY,New York,Paris,Alaska Airlines
12742,AY,2350,JFK,3797,DUB,599,757,AY,New York,Dublin,Alaska Airlines
12743,AY,2350,JFK,3797,FCO,1555,763,AY,New York,Rome,Alaska Airlines
12744,AY,2350,JFK,3797,HEL,421,333,AY,New York,Helsinki,Alaska Airlines
12745,AY,2350,JFK,3797,LCY,503,318,AY,New York,London,Alaska Airlines
12746,AY,2350,JFK,3797,LHR,507,744 77W 777,AY,New York,London,Alaska Airlines
12747,AY,2350,JFK,3797,MAD,1229,333 757 346,AY,New York,Madrid,Alaska Airlines
12748,AY,2350,JFK,3797,MAN,478,757,AY,New York,Manchester,Alaska Airlines
12749,AY,2350,JFK,3797,MXP,1524,763,AY,New York,Milano,Alaska Airlines
12750,AY,2350,JFK,3797,SJU,2890,757,AY,New York,San Juan,Alaska Airlines
12751,AY,2350,JFK,3797,YUL,146,ERD,AY,New York,Montreal,Alaska Airlines
12752,AY,2350,JFK,3797,YYZ,193,CR7,AY,New York,Toronto,Alaska Airlines
12795,AY,2350,LHR,507,SFO,3469,744,AY,London,San Francisco,Alaska Airlines
13186,AZ,596,CDG,1382,SFO,3469,388,AZ,Paris,San Francisco,Royal Air Maroc
13419,AZ,596,JFK,3797,ATL,3682,752 319 M88 738,AZ,New York,Atlanta,Avianca - Aerovias Nacionales de Colombia
13420,AZ,596,JFK,3797,CDG,1382,332 388 772 343,AZ,New York,Paris,Avianca - Aerovias Nacionales de Colombia
13421,AZ,596,JFK,3797,FCO,1555,772 330,AZ,New York,Rome,Avianca - Aerovias Nacionales de Colombia
13422,AZ,596,JFK,3797,MEX,1824,738,AZ,New York,Mexico City,Avianca - Aerovias Nacionales de Colombia
13423,AZ,596,JFK,3797,MSY,3861,CR9,AZ,New York,New Orleans,Avianca - Aerovias Nacionales de Colombia
13424,AZ,596,JFK,3797,MXP,1524,330,AZ,New York,Milano,Avianca - Aerovias Nacionales de Colombia
13425,AZ,596,JFK,3797,VCE,1551,764,AZ,New York,Venice,Avianca - Aerovias Nacionales de Colombia
13426,AZ,596,JFK,3797,YUL,146,ERJ,AZ,New York,Montreal,Avianca - Aerovias Nacionales de Colombia
13427,AZ,596,JFK,3797,YYZ,193,CR7,AZ,New York,Toronto,Avianca - Aerovias Nacionales de Colombia
13902,B6,3029,AUS,3673,SFO,3469,320,B6,Austin,San Francisco,Finnair
13952,B6,3029,BOS,3448,SFO,3469,320,B6,Boston,San Francisco,Finnair
13994,B6,3029,DXB,2188,SFO,3469,77W,B6,Dubai,San Francisco,Alitalia
14027,B6,3029,FLL,3533,SFO,3469,320,B6,Fort Lauderdale,San Francisco,Alitalia
14047,B6,3029,JFK,3797,ABQ,4019,320,B6,New York,Albuquerque,Alitalia
14048,B6,3029,JFK,3797,AUA,2895,320,B6,New York,Oranjestad,Alitalia
14049,B6,3029,JFK,3797,AUS,3673,320,B6,New York,Austin,Alitalia
14050,B6,3029,JFK,3797,AZS,5810,320,B6,New York,Samana,Alitalia
14051,B6,3029,JFK,3797,BDA,4069,320,B6,New York,Bermuda,Alitalia
14052,B6,3029,JFK,3797,BGI,2875,321,B6,New York,Bridgetown,Alitalia
14053,B6,3029,JFK,3797,BOS,3448,E90 320,B6,New York,Boston,Alitalia
14054,B6,3029,JFK,3797,BQN,2885,320,B6,New York,Aguadilla,Alitalia
14055,B6,3029,JFK,3797,BTV,3711,E90,B6,New York,Burlington,Alitalia
14056,B6,3029,JFK,3797,BUF,3820,E90 320,B6,New York,Buffalo,Alitalia
14057,B6,3029,JFK,3797,BUR,3644,320,B6,New York,Burbank,Alitalia
14058,B6,3029,JFK,3797,CHS,3806,320,B6,New York,Charleston,Alitalia
14059,B6,3029,JFK,3797,CLT,3876,E90,B6,New York,Charlotte,Alitalia
14060,B6,3029,JFK,3797,CTG,2714,320,B6,New York,Cartagena,Alitalia
14061,B6,3029,JFK,3797,CUN,1852,320,B6,New York,Cancun,Alitalia
14062,B6,3029,JFK,3797,DEN,3751,320,B6,New York,Denver,Alitalia
14063,B6,3029,JFK,3797,DXB,2188,388,B6,New York,Dubai,Alitalia
14064,B6,3029,JFK,3797,FLL,3533,320 E90,B6,New York,Fort Lauderdale,Alitalia
14065,B6,3029,JFK,3797,GCM,1926,320,B6,New York,Georgetown,Alitalia
14066,B6,3029,JFK,3797,HOU,3566,E90,B6,New York,Houston,Alitalia
14067,B6,3029,JFK,3797,IAD,3714,E90,B6,New York,Washington,Alitalia
14068,B6,3029,JFK,3797,JAX,3712,320,B6,New York,Jacksonville,Alitalia
14069,B6,3029,JFK,3797,JNB,813,346,B6,New York,Johannesburg,Alitalia
14070,B6,3029,JFK,3797,KIN,1779,320,B6,New York,Kingston,Alitalia
14071,B6,3029,JFK,3797,LAS,3877,320,B6,New York,Las Vegas,Alitalia
14072,B6,3029,JFK,3797,LAX,3484,320,B6,New York,Los Angeles,Alitalia
14073,B6,3029,JFK,3797,LGB,3582,320,B6,New York,Long Beach,Alitalia
14074,B6,3029,JFK,3797,LIR,1881,320,B6,New York,Liberia,Alitalia
14075,B6,3029,JFK,3797,LRM,1759,320,B6,New York,La Romana,Alitalia
14076,B6,3029,JFK,3797,MBJ,1780,320,B6,New York,Montego Bay,Alitalia
14077,B6,3029,JFK,3797,MCO,3878,320 E90,B6,New York,Orlando,Alitalia
14078,B6,3029,JFK,3797,MSY,3861,E90 320,B6,New York,New Orleans,Alitalia
14079,B6,3029,JFK,3797,MXP,1524,77W,B6,New York,Milano,Alitalia
14080,B6,3029,JFK,3797,NAS,1953,320 E90,B6,New York,Nassau,Alitalia
14081,B6,3029,JFK,3797,OAK,3453,320,B6,New York,Oakland,Alitalia
14082,B6,3029,JFK,3797,ORD,3830,320 E90,B6,New York,Chicago,Alitalia
14083,B6,3029,JFK,3797,PAP,1897,320,B6,New York,Port-au-prince,Alitalia
14084,B6,3029,JFK,3797,PBI,3722,E90 320,B6,New York,West Palm Beach,Alitalia
14085,B6,3029,JFK,3797,PDX,3720,320,B6,New York,Portland,Alitalia
14086,B6,3029,JFK,3797,PHX,3462,320,B6,New York,Phoenix,Alitalia
14087,B6,3029,JFK,3797,PLS,1754,320,B6,New York,Providenciales,Alitalia
14088,B6,3029,JFK,3797,POP,1761,320,B6,New York,Puerto Plata,Alitalia
14089,B6,3029,JFK,3797,POS,2902,320,B6,New York,Port-of-spain,Alitalia
14090,B6,3029,JFK,3797,PSE,2889,320,B6,New York,Ponce,Alitalia
14091,B6,3029,JFK,3797,PUJ,1760,321 320,B6,New York,Punta Cana,Alitalia
14092,B6,3029,JFK,3797,PWM,3862,E90,B6,New York,Portland,Alitalia
14093,B6,3029,JFK,3797,RDU,3626,E90,B6,New York,Raleigh-durham,Alitalia
14094,B6,3029,JFK,3797,ROC,3622,E90,B6,New York,Rochester,Alitalia
14095,B6,3029,JFK,3797,RSW,3793,320,B6,New York,Fort Myers,Alitalia
14096,B6,3029,JFK,3797,SAN,3731,320,B6,New York,San Diego,Alitalia
14097,B6,3029,JFK,3797,SAV,3613,320,B6,New York,Savannah,Alitalia
14098,B6,3029,JFK,3797,SDQ,1762,321 320,B6,New York,Santo Domingo,Alitalia
14099,B6,3029,JFK,3797,SEA,3577,320,B6,New York,Seattle,Alitalia
14100,B6,3029,JFK,3797,SFO,3469,320,B6,New York,San Francisco,Alitalia
14101,B6,3029,JFK,3797,SJC,3748,320,B6,New York,San Jose,Alitalia
14102,B6,3029,JFK,3797,SJU,2890,320,B6,New York,San Juan,Alitalia
14103,B6,3029,JFK,3797,SLC,3536,320,B6,New York,Salt Lake City,Alitalia
14104,B6,3029,JFK,3797,SMF,3817,320,B6,New York,Sacramento,Alitalia
14105,B6,3029,JFK,3797,SRQ,4067,E90,B6,New York,Sarasota,Alitalia
14106,B6,3029,JFK,3797,STI,1764,320 321,B6,New York,Santiago,Alitalia
14107,B6,3029,JFK,3797,SXM,2899,320,B6,New York,Philipsburg,Alitalia
14108,B6,3029,JFK,3797,SYR,3745,E90,B6,New York,Syracuse,Alitalia
14109,B6,3029,JFK,3797,TPA,3646,320 E90,B6,New York,Tampa,Alitalia
14110,B6,3029,JFK,3797,UVF,2894,320,B6,New York,Hewandorra,Alitalia
14121,B6,3029,LGA,3697,FLL,3533,320,B6,New York,Fort Lauderdale,Alitalia
14122,B6,3029,LGA,3697,MCO,3878,320,B6,New York,Orlando,Alitalia
14123,B6,3029,LGA,3697,PBI,3722,320 E90,B6,New York,West Palm Beach,Alitalia
14124,B6,3029,LGA,3697,RSW,3793,320,B6,New York,Fort Myers,Alitalia
14125,B6,3029,LGA,3697,SRQ,4067,320,B6,New York,Sarasota,Alitalia
14126,B6,3029,LGA,3697,TPA,3646,320,B6,New York,Tampa,Alitalia
14135,B6,3029,LGB,3582,SFO,3469,320,B6,Long Beach,San Francisco,Alitalia
14562,BA,1355,JFK,3797,BCN,1218,763,BA,New York,Barcelona,Alitalia
14563,BA,1355,JFK,3797,CDG,1382,763 757,BA,New York,Paris,Alitalia
14564,BA,1355,JFK,3797,DUB,599,757,BA,New York,Dublin,Alitalia
14565,BA,1355,JFK,3797,FCO,1555,763,BA,New York,Rome,Alitalia
14566,BA,1355,JFK,3797,HEL,421,333,BA,New York,Helsinki,Alitalia
14567,BA,1355,JFK,3797,LCY,503,318,BA,New York,London,Alitalia
14568,BA,1355,JFK,3797,LHR,507,777 744,BA,New York,London,Alitalia
14569,BA,1355,JFK,3797,MAD,1229,333 757 346,BA,New York,Madrid,Alitalia
14570,BA,1355,JFK,3797,MAN,478,757,BA,New York,Manchester,Alitalia
14571,BA,1355,JFK,3797,MXP,1524,763,BA,New York,Milano,Alitalia
14572,BA,1355,JFK,3797,ORY,1386,752,BA,New York,Paris,Alitalia
14771,BA,1355,LHR,507,SFO,3469,744,BA,London,San Francisco,Alitalia
15632,BR,2091,JFK,3797,TPE,2276,77W,BR,New York,Taipei,British Airways
15704,BR,2091,TPE,2276,SFO,3469,77W,BR,Taipei,San Francisco,British Airways
15940,BW,1663,JFK,3797,GEO,4304,767,BW,New York,Georgetown,British Airways
15941,BW,1663,JFK,3797,GND,2882,738,BW,New York,Point Salines,British Airways
15942,BW,1663,JFK,3797,KIN,1779,738,BW,New York,Kingston,British Airways
15943,BW,1663,JFK,3797,MBJ,1780,738,BW,New York,Montego Bay,British Airways
15944,BW,1663,JFK,3797,POS,2902,738,BW,New York,Port-of-spain,British Airways
15945,BW,1663,JFK,3797,TAB,2901,738,BW,New York,Scarborough,British Airways
16466,CA,751,JFK,3797,PEK,3364,773,CA,New York,Beijing,Nouvel Air Tunisie
16774,CA,751,PEK,3364,SFO,3469,773,CA,Beijing,San Francisco,EVA Air
16852,CA,751,PVG,3406,SFO,3469,744,CA,Shanghai,San Francisco,Air Baltic
17396,CI,1756,ATL,3682,SFO,3469,739 757,CI,Atlanta,San Francisco,Air China
17434,CI,1756,JFK,3797,KIX,3992,744,CI,New York,Osaka,Air China
17537,CI,1756,TPE,2276,SFO,3469,744,CI,Taipei,San Francisco,Air China
17621,CM,1889,IAH,3550,SFO,3469,788,CM,Houston,San Francisco,Air China
17623,CM,1889,JFK,3797,PTY,1871,738,CM,New York,Panama City,Air China
17941,CX,1680,HKG,3077,SFO,3469,77W 744,CX,Hong Kong,San Francisco,Air China
17963,CX,1680,JFK,3797,HKG,3077,77W,CX,New York,Hong Kong,Air China
17964,CX,1680,JFK,3797,YVR,156,77W,CX,New York,Vancouver,Air China
20046,DL,2009,AMS,580,SFO,3469,747,DL,Amsterdam,San Francisco,China Southern Airlines
20235,DL,2009,ATL,3682,SFO,3469,739 757 763,DL,Atlanta,San Francisco,China Southern Airlines
20415,DL,2009,CDG,1382,SFO,3469,388,DL,Paris,San Francisco,China Southern Airlines
20513,DL,2009,CVG,3488,SFO,3469,320,DL,Cincinnati,San Francisco,China Southern Airlines
20691,DL,2009,DTW,3645,SFO,3469,739 763 738,DL,Detroit,San Francisco,China Southern Airlines
20839,DL,2009,HNL,3728,SFO,3469,753,DL,Honolulu,San Francisco,Dinar
20881,DL,2009,ICN,3930,SFO,3469,77W 772,DL,Seoul,San Francisco,Nok Air
20917,DL,2009,JFK,3797,ACC,248,76W,DL,New York,Accra,Condor Flugdienst
20918,DL,2009,JFK,3797,AMS,580,76W,DL,New York,Amsterdam,Condor Flugdienst
20919,DL,2009,JFK,3797,ATL,3682,752 757 319 738 M88 ,DL,New York,Atlanta,Condor Flugdienst
20920,DL,2009,JFK,3797,AUA,2895,73H,DL,New York,Oranjestad,Condor Flugdienst
20921,DL,2009,JFK,3797,AUS,3673,319,DL,New York,Austin,Condor Flugdienst
20922,DL,2009,JFK,3797,BCN,1218,333,DL,New York,Barcelona,Condor Flugdienst
20923,DL,2009,JFK,3797,BDA,4069,73H,DL,New York,Bermuda,Condor Flugdienst
20924,DL,2009,JFK,3797,BNA,3690,CR9,DL,New York,Nashville,Condor Flugdienst
20925,DL,2009,JFK,3797,BOG,2709,73W,DL,New York,Bogota,Condor Flugdienst
20926,DL,2009,JFK,3797,BOS,3448,CR9 752 CR7,DL,New York,Boston,Condor Flugdienst
20927,DL,2009,JFK,3797,BRU,302,76W,DL,New York,Brussels,Condor Flugdienst
20928,DL,2009,JFK,3797,BUF,3820,CR7 CR9,DL,New York,Buffalo,Condor Flugdienst
20929,DL,2009,JFK,3797,BWI,3849,ERJ,DL,New York,Baltimore,Condor Flugdienst
20930,DL,2009,JFK,3797,CDG,1382,332 772 388 343,DL,New York,Paris,Condor Flugdienst
20931,DL,2009,JFK,3797,CHS,3806,ERJ CRJ,DL,New York,Charleston,Condor Flugdienst
20932,DL,2009,JFK,3797,CLE,3486,CRJ ERJ,DL,New York,Cleveland,Condor Flugdienst
20933,DL,2009,JFK,3797,CLT,3876,ERJ,DL,New York,Charlotte,Condor Flugdienst
20934,DL,2009,JFK,3797,CMH,3759,ERJ CRJ,DL,New York,Columbus,Condor Flugdienst
20935,DL,2009,JFK,3797,CUN,1852,738,DL,New York,Cancun,Condor Flugdienst
20936,DL,2009,JFK,3797,CVG,3488,CR9 CR7,DL,New York,Cincinnati,Condor Flugdienst
20937,DL,2009,JFK,3797,DCA,3520,CR9,DL,New York,Washington,Condor Flugdienst
20938,DL,2009,JFK,3797,DEN,3751,73H,DL,New York,Denver,Condor Flugdienst
20939,DL,2009,JFK,3797,DFW,3670,CR9,DL,New York,Dallas-Fort Worth,Condor Flugdienst
20940,DL,2009,JFK,3797,DKR,1084,752,DL,New York,Dakar,Condor Flugdienst
20941,DL,2009,JFK,3797,DTW,3645,M88 CR9 73H 319,DL,New York,Detroit,Condor Flugdienst
20942,DL,2009,JFK,3797,DUB,599,752,DL,New York,Dublin,Condor Flugdienst
20943,DL,2009,JFK,3797,FCO,1555,772 333 330,DL,New York,Rome,Condor Flugdienst
20944,DL,2009,JFK,3797,FLL,3533,752 M88 73H 738,DL,New York,Fort Lauderdale,Condor Flugdienst
20945,DL,2009,JFK,3797,FRA,340,76W,DL,New York,Frankfurt,Condor Flugdienst
20946,DL,2009,JFK,3797,GND,2882,73H,DL,New York,Point Salines,Condor Flugdienst
20947,DL,2009,JFK,3797,GRU,2564,764,DL,New York,Sao Paulo,Condor Flugdienst
20948,DL,2009,JFK,3797,GUA,1767,752,DL,New York,Guatemala City,Condor Flugdienst
20949,DL,2009,JFK,3797,IAD,3714,CR7 ERJ CRJ,DL,New York,Washington,Condor Flugdienst
20950,DL,2009,JFK,3797,ICN,3930,77W 388,DL,New York,Seoul,Condor Flugdienst
20951,DL,2009,JFK,3797,IND,3585,CR9,DL,New York,Indianapolis,Condor Flugdienst
20952,DL,2009,JFK,3797,JAX,3712,CR9,DL,New York,Jacksonville,Condor Flugdienst
20953,DL,2009,JFK,3797,LAS,3877,73H 738 757,DL,New York,Las Vegas,Condor Flugdienst
20954,DL,2009,JFK,3797,LAX,3484,76W 752,DL,New York,Los Angeles,Condor Flugdienst
20955,DL,2009,JFK,3797,LHR,507,764 76W,DL,New York,London,Condor Flugdienst
20956,DL,2009,JFK,3797,LIR,1881,73H,DL,New York,Liberia,Condor Flugdienst
20957,DL,2009,JFK,3797,MAD,1229,764,DL,New York,Madrid,Condor Flugdienst
20958,DL,2009,JFK,3797,MBJ,1780,73H,DL,New York,Montego Bay,Condor Flugdienst
20959,DL,2009,JFK,3797,MCO,3878,752 73H M88 738,DL,New York,Orlando,Condor Flugdienst
20960,DL,2009,JFK,3797,MEX,1824,738 757 787,DL,New York,Mexico City,Condor Flugdienst
20961,DL,2009,JFK,3797,MIA,3576,73H M88 738 319,DL,New York,Miami,Condor Flugdienst
20962,DL,2009,JFK,3797,MSP,3858,CR9 319 M88,DL,New York,Minneapolis,Condor Flugdienst
20963,DL,2009,JFK,3797,MSY,3861,CR9,DL,New York,New Orleans,Condor Flugdienst
20964,DL,2009,JFK,3797,MXP,1524,764 330,DL,New York,Milano,Condor Flugdienst
20965,DL,2009,JFK,3797,NAS,1953,M88,DL,New York,Nassau,Condor Flugdienst
20966,DL,2009,JFK,3797,NCE,1354,764,DL,New York,Nice,Condor Flugdienst
20967,DL,2009,JFK,3797,NRT,2279,744,DL,New York,Tokyo,Condor Flugdienst
20968,DL,2009,JFK,3797,ORD,3830,CR9,DL,New York,Chicago,Condor Flugdienst
20969,DL,2009,JFK,3797,ORF,3611,ERJ,DL,New York,Norfolk,Condor Flugdienst
20970,DL,2009,JFK,3797,PAP,1897,738,DL,New York,Port-au-prince,Condor Flugdienst
20971,DL,2009,JFK,3797,PDX,3720,752 73H,DL,New York,Portland,Condor Flugdienst
20972,DL,2009,JFK,3797,PHL,3752,ERJ CRJ 752,DL,New York,Philadelphia,Condor Flugdienst
20973,DL,2009,JFK,3797,PHX,3462,738 73H,DL,New York,Phoenix,Condor Flugdienst
20974,DL,2009,JFK,3797,PIT,3570,CR9 752 ERJ,DL,New York,Pittsburgh,Condor Flugdienst
20975,DL,2009,JFK,3797,PLS,1754,73H,DL,New York,Providenciales,Condor Flugdienst
20976,DL,2009,JFK,3797,PUJ,1760,73H,DL,New York,Punta Cana,Condor Flugdienst
20977,DL,2009,JFK,3797,PVG,3406,346,DL,New York,Shanghai,Condor Flugdienst
20978,DL,2009,JFK,3797,RDU,3626,CR7 CR9,DL,New York,Raleigh-durham,Condor Flugdienst
20979,DL,2009,JFK,3797,RIC,3608,ERJ CR9,DL,New York,Richmond,Condor Flugdienst
20980,DL,2009,JFK,3797,ROC,3622,CRJ ERJ CR9,DL,New York,Rochester,Condor Flugdienst
20981,DL,2009,JFK,3797,SAN,3731,757 73H,DL,New York,San Diego,Condor Flugdienst
20982,DL,2009,JFK,3797,SAT,3621,73H,DL,New York,San Antonio,Condor Flugdienst
20983,DL,2009,JFK,3797,SAV,3613,CR9 CR7,DL,New York,Savannah,Condor Flugdienst
20984,DL,2009,JFK,3797,SDF,4014,CRJ ERJ,DL,New York,Louisville,Condor Flugdienst
20985,DL,2009,JFK,3797,SDQ,1762,73H,DL,New York,Santo Domingo,Condor Flugdienst
20986,DL,2009,JFK,3797,SEA,3577,752 757,DL,New York,Seattle,Condor Flugdienst
20987,DL,2009,JFK,3797,SFO,3469,752,DL,New York,San Francisco,Condor Flugdienst
20988,DL,2009,JFK,3797,SJO,1885,757,DL,New York,San Jose,Condor Flugdienst
20989,DL,2009,JFK,3797,SJU,2890,73H 752 757,DL,New York,San Juan,Condor Flugdienst
20990,DL,2009,JFK,3797,SLC,3536,757 73H 738 739 752,DL,New York,Salt Lake City,Condor Flugdienst
20991,DL,2009,JFK,3797,STI,1764,73H,DL,New York,Santiago,Condor Flugdienst
20992,DL,2009,JFK,3797,STL,3678,CR7 CR9,DL,New York,St. Louis,Condor Flugdienst
20993,DL,2009,JFK,3797,STT,2883,757,DL,New York,St. Thomas,Condor Flugdienst
20994,DL,2009,JFK,3797,SVO,2985,333 76W 77W,DL,New York,Moscow,Condor Flugdienst
20995,DL,2009,JFK,3797,SXM,2899,752,DL,New York,Philipsburg,Condor Flugdienst
20996,DL,2009,JFK,3797,SYR,3745,ERJ,DL,New York,Syracuse,Condor Flugdienst
20997,DL,2009,JFK,3797,TLV,1590,744,DL,New York,Tel-aviv,Condor Flugdienst
20998,DL,2009,JFK,3797,TPA,3646,M88 738 73H,DL,New York,Tampa,Condor Flugdienst
20999,DL,2009,JFK,3797,VCE,1551,764,DL,New York,Venice,Condor Flugdienst
21000,DL,2009,JFK,3797,YUL,146,ERJ CRJ,DL,New York,Montreal,Condor Flugdienst
21001,DL,2009,JFK,3797,YYC,178,736,DL,New York,Calgary,Condor Flugdienst
21002,DL,2009,JFK,3797,YYZ,193,CRJ CR7 ERJ,DL,New York,Toronto,Condor Flugdienst
21084,DL,2009,LAX,3484,SFO,3469,E75,DL,Los Angeles,San Francisco,Condor Flugdienst
21101,DL,2009,LGA,3697,ATL,3682,M88 757 320 738 739 73W,DL,New York,Atlanta,Condor Flugdienst
21102,DL,2009,LGA,3697,AUA,2895,738,DL,New York,Oranjestad,Condor Flugdienst
21103,DL,2009,LGA,3697,BGR,3463,CR7,DL,New York,Bangor,Condor Flugdienst
21104,DL,2009,LGA,3697,BHM,3811,CR9 CR7,DL,New York,Birmingham,Condor Flugdienst
21105,DL,2009,LGA,3697,BNA,3690,CR7 CR9,DL,New York,Nashville,Condor Flugdienst
21106,DL,2009,LGA,3697,BOS,3448,E75,DL,New York,Boston,Condor Flugdienst
21107,DL,2009,LGA,3697,BTV,3711,CR7,DL,New York,Burlington,Condor Flugdienst
21108,DL,2009,LGA,3697,BUF,3820,CR7,DL,New York,Buffalo,Condor Flugdienst
21109,DL,2009,LGA,3697,CAE,3561,CRJ,DL,New York,Columbia,Condor Flugdienst
21110,DL,2009,LGA,3697,CHO,4015,CR7,DL,New York,Charlottesville VA,Condor Flugdienst
21111,DL,2009,LGA,3697,CHS,3806,CR7,DL,New York,Charleston,Condor Flugdienst
21112,DL,2009,LGA,3697,CLE,3486,CR7,DL,New York,Cleveland,Condor Flugdienst
21113,DL,2009,LGA,3697,CLT,3876,E75 CR7,DL,New York,Charlotte,Condor Flugdienst
21114,DL,2009,LGA,3697,CMH,3759,E70 E75 CR7 ERJ,DL,New York,Columbus,Condor Flugdienst
21115,DL,2009,LGA,3697,CVG,3488,CR7,DL,New York,Cincinnati,Condor Flugdienst
21116,DL,2009,LGA,3697,DAY,3627,ERJ,DL,New York,Dayton,Condor Flugdienst
21117,DL,2009,LGA,3697,DCA,3520,E70 E75,DL,New York,Washington,Condor Flugdienst
21118,DL,2009,LGA,3697,DEN,3751,320,DL,New York,Denver,Condor Flugdienst
21119,DL,2009,LGA,3697,DFW,3670,E75,DL,New York,Dallas-Fort Worth,Condor Flugdienst
21120,DL,2009,LGA,3697,DSM,3729,CR9,DL,New York,Des Moines,Condor Flugdienst
21121,DL,2009,LGA,3697,DTW,3645,319 M88 738,DL,New York,Detroit,Condor Flugdienst
21122,DL,2009,LGA,3697,EYW,3875,73W,DL,New York,Key West,Condor Flugdienst
21123,DL,2009,LGA,3697,FLL,3533,M88 738 319,DL,New York,Fort Lauderdale,Condor Flugdienst
21124,DL,2009,LGA,3697,GRR,3685,CR7,DL,New York,Grand Rapids,Condor Flugdienst
21125,DL,2009,LGA,3697,GSO,4008,CR7,DL,New York,Greensboro,Condor Flugdienst
21126,DL,2009,LGA,3697,GSP,4034,CRJ,DL,New York,Greenville,Condor Flugdienst
21127,DL,2009,LGA,3697,IAH,3550,E70 E75,DL,New York,Houston,Condor Flugdienst
21128,DL,2009,LGA,3697,ILM,3845,ERJ,DL,New York,Wilmington,Condor Flugdienst
21129,DL,2009,LGA,3697,IND,3585,E75 CR7,DL,New York,Indianapolis,Condor Flugdienst
21130,DL,2009,LGA,3697,JAX,3712,CR7,DL,New York,Jacksonville,Condor Flugdienst
21131,DL,2009,LGA,3697,LEX,4017,ERJ,DL,New York,Lexington KY,Condor Flugdienst
21132,DL,2009,LGA,3697,MCI,3458,CR7 E75 E70,DL,New York,Kansas City,Condor Flugdienst
21133,DL,2009,LGA,3697,MCO,3878,319 M88 738,DL,New York,Orlando,Condor Flugdienst
21134,DL,2009,LGA,3697,MEM,3473,CR9,DL,New York,Memphis,Condor Flugdienst
21135,DL,2009,LGA,3697,MHT,4011,ERJ,DL,New York,Manchester NH,Condor Flugdienst
21136,DL,2009,LGA,3697,MIA,3576,M88 320 738,DL,New York,Miami,Condor Flugdienst
21137,DL,2009,LGA,3697,MKE,3717,CR7,DL,New York,Milwaukee,Condor Flugdienst
21138,DL,2009,LGA,3697,MSN,3459,E70,DL,New York,Madison,Condor Flugdienst
21139,DL,2009,LGA,3697,MSP,3858,319 320 M88,DL,New York,Minneapolis,Condor Flugdienst
21140,DL,2009,LGA,3697,MSY,3861,319,DL,New York,New Orleans,Condor Flugdienst
21141,DL,2009,LGA,3697,MYR,3515,E75,DL,New York,Myrtle Beach,Condor Flugdienst
21142,DL,2009,LGA,3697,OMA,3454,E75,DL,New York,Omaha,Condor Flugdienst
21143,DL,2009,LGA,3697,ORD,3830,E75 E70,DL,New York,Chicago,Condor Flugdienst
21144,DL,2009,LGA,3697,ORF,3611,CR7,DL,New York,Norfolk,Condor Flugdienst
21145,DL,2009,LGA,3697,PBI,3722,319,DL,New York,West Palm Beach,Condor Flugdienst
21146,DL,2009,LGA,3697,PIT,3570,CR9 CR7,DL,New York,Pittsburgh,Condor Flugdienst
21147,DL,2009,LGA,3697,PWM,3862,ERJ M88,DL,New York,Portland,Condor Flugdienst
21148,DL,2009,LGA,3697,RDU,3626,CR7,DL,New York,Raleigh-durham,Condor Flugdienst
21149,DL,2009,LGA,3697,RIC,3608,CR7,DL,New York,Richmond,Condor Flugdienst
21150,DL,2009,LGA,3697,ROC,3622,CR7 CR9,DL,New York,Rochester,Condor Flugdienst
21151,DL,2009,LGA,3697,RSW,3793,CR9,DL,New York,Fort Myers,Condor Flugdienst
21152,DL,2009,LGA,3697,SAV,3613,CR7,DL,New York,Savannah,Condor Flugdienst
21153,DL,2009,LGA,3697,SDF,4014,ERJ,DL,New York,Louisville,Condor Flugdienst
21154,DL,2009,LGA,3697,SRQ,4067,319,DL,New York,Sarasota,Condor Flugdienst
21155,DL,2009,LGA,3697,STL,3678,CR7,DL,New York,St. Louis,Condor Flugdienst
21156,DL,2009,LGA,3697,SYR,3745,CR7,DL,New York,Syracuse,Condor Flugdienst
21157,DL,2009,LGA,3697,TPA,3646,319 M88 320,DL,New York,Tampa,Condor Flugdienst
21158,DL,2009,LGA,3697,TYS,3676,CRJ,DL,New York,Knoxville,Condor Flugdienst
21159,DL,2009,LGA,3697,YHZ,73,CR7,DL,New York,Halifax,Condor Flugdienst
21160,DL,2009,LGA,3697,YUL,146,ERJ CR7,DL,New York,Montreal,Condor Flugdienst
21161,DL,2009,LGA,3697,YYZ,193,736 73W,DL,New York,Toronto,Condor Flugdienst
21176,DL,2009,LHR,507,SFO,3469,744,DL,London,San Francisco,Condor Flugdienst
21287,DL,2009,MEX,1824,SFO,3469,737,DL,Mexico City,San Francisco,Dennis Sky
21443,DL,2009,MSP,3858,SFO,3469,320 753 M90 757 738,DL,Minneapolis,San Francisco,Delta Air Lines
21612,DL,2009,PSP,3839,SFO,3469,734,DL,Palm Springs,San Francisco,Delta Air Lines
21627,DL,2009,PVG,3406,SFO,3469,332,DL,Shanghai,San Francisco,Delta Air Lines
21743,DL,2009,SEA,3577,SFO,3469,E75 734,DL,Seattle,San Francisco,Delta Air Lines
21854,DL,2009,SLC,3536,SFO,3469,320,DL,Salt Lake City,San Francisco,Delta Air Lines
21920,DL,2009,TPE,2276,SFO,3469,744,DL,Taipei,San Francisco,Delta Air Lines
22479,DY,3737,JFK,3797,ARN,737,788,DY,New York,Stockholm,Delta Air Lines
22480,DY,3737,JFK,3797,BGO,636,788,DY,New York,Bergen,Delta Air Lines
22481,DY,3737,JFK,3797,CPH,609,788,DY,New York,Copenhagen,Delta Air Lines
22482,DY,3737,JFK,3797,OSL,644,788,DY,New York,Oslo,Delta Air Lines
22948,EI,837,DUB,599,SFO,3469,332,EI,Dublin,San Francisco,Delta Air Lines
22980,EI,837,JFK,3797,DUB,599,330,EI,New York,Dublin,Delta Air Lines
22981,EI,837,JFK,3797,SNN,603,757,EI,New York,Shannon,Delta Air Lines
23228,EK,2183,DXB,2188,SFO,3469,77W,EK,Dubai,San Francisco,Delta Air Lines
23265,EK,2183,JFK,3797,DXB,2188,388,EK,New York,Dubai,Delta Air Lines
23266,EK,2183,JFK,3797,MXP,1524,77W,EK,New York,Milano,Delta Air Lines
23822,ET,2220,JFK,3797,FRA,340,744,ET,New York,Frankfurt,Norwegian Air Shuttle
24193,EY,2222,JFK,3797,AUH,2179,77W,EY,New York,Abu Dhabi,Norwegian Air Shuttle
24194,EY,2222,JFK,3797,CDG,1382,763 757,EY,New York,Paris,Norwegian Air Shuttle
24195,EY,2222,JFK,3797,LAS,3877,738,EY,New York,Las Vegas,Norwegian Air Shuttle
24196,EY,2222,JFK,3797,MSY,3861,E90 320,EY,New York,New Orleans,Norwegian Air Shuttle
24407,F9,2468,DEN,3751,SFO,3469,320 319,F9,Denver,San Francisco,Japan Asia Airways
24447,F9,2468,LGA,3697,DEN,3751,320,F9,New York,Denver,Aer Lingus
24740,FI,2835,JFK,3797,KEF,16,75T,FI,New York,Keflavik,Emirates
24897,FL,1316,ATL,3682,SFO,3469,73G,FL,Atlanta,San Francisco,Emirates
25025,FL,1316,DAL,3502,SFO,3469,73W,FL,Dallas,San Francisco,Iran Aseman Airlines
25085,FL,1316,FLL,3533,SFO,3469,73W,FL,Fort Lauderdale,San Francisco,Iran Aseman Airlines
25178,FL,1316,LGA,3697,ATL,3682,717,FL,New York,Atlanta,TAME
25179,FL,1316,LGA,3697,CAK,4112,717,FL,New York,Akron,TAME
25180,FL,1316,LGA,3697,MDW,3747,73H 73W,FL,New York,Chicago,TAME
25204,FL,1316,MCI,3458,SFO,3469,73W,FL,Kansas City,San Francisco,TAME
25293,FL,1316,MDW,3747,SFO,3469,73W,FL,Chicago,San Francisco,Ethiopian Airlines
25329,FL,1316,MKE,3717,SFO,3469,73W,FL,Milwaukee,San Francisco,Ethiopian Airlines
25429,FL,1316,RDU,3626,SFO,3469,73W,FL,Raleigh-durham,San Francisco,Ethiopian Airlines
25514,FL,1316,SNA,3867,SFO,3469,73W,FL,Santa Ana,San Francisco,Ethiopian Airlines
28737,G3,1790,JFK,3797,GRU,2564,764,G3,New York,Sao Paulo,Ryanair
30647,HA,2688,HNL,3728,SFO,3469,332,HA,Honolulu,San Francisco,City Connexion Airlines
30654,HA,2688,JFK,3797,HNL,3728,332,HA,New York,Honolulu,Gol Transportes Aéreos
30655,HA,2688,JFK,3797,LAS,3877,320,HA,New York,Las Vegas,Sky Express
30661,HA,2688,LAS,3877,SFO,3469,320,HA,Las Vegas,San Francisco,Sky Express
32014,HY,5281,JFK,3797,RIX,3953,763 764,HY,New York,Riga,Air Arabia
32535,IB,2822,JFK,3797,BCN,1218,763,IB,New York,Barcelona,Go One Airways
32536,IB,2822,JFK,3797,CDG,1382,763 757,IB,New York,Paris,Genesis
32537,IB,2822,JFK,3797,FCO,1555,763,IB,New York,Rome,Go One Airways
32538,IB,2822,JFK,3797,HEL,421,330,IB,New York,Helsinki,Genesis
32539,IB,2822,JFK,3797,LCY,503,318,IB,New York,London,Go One Airways
32540,IB,2822,JFK,3797,LHR,507,744 77W 777,IB,New York,London,Genesis
32541,IB,2822,JFK,3797,MAD,1229,333 346,IB,New York,Madrid,Go One Airways
32542,IB,2822,JFK,3797,MAN,478,757,IB,New York,Manchester,Genesis
32543,IB,2822,JFK,3797,MXP,1524,763,IB,New York,Milano,Go One Airways
32544,IB,2822,JFK,3797,ORY,1386,752,IB,New York,Paris,Genesis
32628,IB,2822,LHR,507,SFO,3469,744,IB,London,San Francisco,Miami Air International
34344,JJ,4867,JFK,3797,GIG,2560,763,JJ,New York,Rio De Janeiro,HQ- Business Express
34345,JJ,4867,JFK,3797,GRU,2564,773 77W 777,JJ,New York,Sao Paulo,Harmony Airways
34346,JJ,4867,JFK,3797,LIM,2789,763,JJ,New York,Lima,HQ- Business Express
34603,JL,2987,HND,2359,SFO,3469,788,JL,Tokyo,San Francisco,Hainan Airlines
34645,JL,2987,JFK,3797,MSY,3861,E90,JL,New York,New Orleans,Hainan Airlines
34646,JL,2987,JFK,3797,NRT,2279,788 773,JL,New York,Tokyo,Hainan Airlines
35982,KE,3163,ICN,3930,SFO,3469,77W 772,KE,Seoul,San Francisco,Iberia Airlines
36009,KE,3163,JFK,3797,ICN,3930,77W 388,KE,New York,Seoul,Iberia Airlines
36286,KL,3090,AMS,580,SFO,3469,747,KL,Amsterdam,San Francisco,Iberia Airlines
36449,KL,3090,ATL,3682,SFO,3469,739 763 757,KL,Atlanta,San Francisco,Meridiana
36697,KL,3090,JFK,3797,AMS,580,330 777 74M 747,KL,New York,Amsterdam,Isles of Scilly Skybus
36698,KL,3090,JFK,3797,ATL,3682,319 738 752 M88,KL,New York,Atlanta,Isles of Scilly Skybus
36699,KL,3090,JFK,3797,BCN,1218,330,KL,New York,Barcelona,Isles of Scilly Skybus
36700,KL,3090,JFK,3797,BRU,302,76W,KL,New York,Brussels,Isles of Scilly Skybus
36701,KL,3090,JFK,3797,DUB,599,757,KL,New York,Dublin,Isles of Scilly Skybus
36702,KL,3090,JFK,3797,FRA,340,76W,KL,New York,Frankfurt,Isles of Scilly Skybus
36703,KL,3090,JFK,3797,LHR,507,767 76W,KL,New York,London,Isles of Scilly Skybus
36704,KL,3090,JFK,3797,MAD,1229,767,KL,New York,Madrid,Isles of Scilly Skybus
36705,KL,3090,JFK,3797,MSY,3861,CR9,KL,New York,New Orleans,Isles of Scilly Skybus
36748,KL,3090,LGA,3697,ATL,3682,757 M88 73W,KL,New York,Atlanta,Iran Air
36807,KL,3090,MSP,3858,SFO,3469,757,KL,Minneapolis,San Francisco,Iran Air
36868,KL,3090,PSP,3839,SFO,3469,737,KL,Palm Springs,San Francisco,Iran Air
37392,KU,3179,JFK,3797,KWI,2176,777,KU,New York,Kuwait,Japan Air System
37393,KU,3179,JFK,3797,LHR,507,777,KU,New York,London,Japan Air System
37453,KX,1682,JFK,3797,GCM,1926,733,KX,New York,Georgetown,Japan Air System
37674,LA,3200,JFK,3797,LIM,2789,763,LA,New York,Lima,TAM Brazilian Airlines
37675,LA,3200,JFK,3797,SCL,2650,787,LA,New York,Santiago,TAM Brazilian Airlines
38348,LH,3320,FRA,340,SFO,3469,744 388,LH,Frankfurt,San Francisco,Japan Airlines
38451,LH,3320,JFK,3797,BRU,302,333,LH,New York,Brussels,Japan Airlines Domestic
38452,LH,3320,JFK,3797,FRA,340,388 744,LH,New York,Frankfurt,Japan Airlines
38453,LH,3320,JFK,3797,MSY,3861,E90,LH,New York,New Orleans,Japan Airlines Domestic
38454,LH,3320,JFK,3797,MUC,346,333,LH,New York,Munich,Japan Airlines
38497,LH,3320,LHR,507,SFO,3469,777,LH,London,San Francisco,Japan Airlines Domestic
38653,LH,3320,MUC,346,SFO,3469,346,LH,Munich,San Francisco,Japan Airlines Domestic
39089,LO,3210,JFK,3797,WAW,679,788,LO,New York,Warsaw,Lion Mentari Airlines
39653,LX,4559,JFK,3797,GVA,1665,333,LX,New York,Geneva,Airlink Zambia
39654,LX,4559,JFK,3797,ZRH,1678,333,LX,New York,Zurich,Zambia Skyways
39812,LX,4559,ZRH,1678,SFO,3469,343,LX,Zurich,San Francisco,Air Astana
39842,LY,2150,JFK,3797,TLV,1590,744,LY,New York,Tel-aviv,Air Astana
40588,MH,3378,JFK,3797,LHR,507,777,MH,New York,London,KLM Royal Dutch Airlines
41283,MS,2143,JFK,3797,CAI,1128,773,MS,New York,Cairo,Kenya Airways
41680,MU,1758,JFK,3797,PVG,3406,346,MU,New York,Shanghai,Mauritania Airlines International
42160,MU,1758,PVG,3406,SFO,3469,332,MU,Shanghai,San Francisco,Lufthansa
42991,NH,324,JFK,3797,NRT,2279,77W,NH,New York,Tokyo,Lufthansa Cargo
43024,NH,324,KIX,3992,SFO,3469,777 788,NH,Osaka,San Francisco,Lufthansa
43154,NH,324,NRT,2279,SFO,3469,77W,NH,Tokyo,San Francisco,Lufthansa
43476,NK,4687,LGA,3697,DFW,3670,319,NK,New York,Dallas-Fort Worth,Lufthansa
43477,NK,4687,LGA,3697,DTW,3645,320,NK,New York,Detroit,Lufthansa Cargo
43478,NK,4687,LGA,3697,FLL,3533,321 320,NK,New York,Fort Lauderdale,Lufthansa
43479,NK,4687,LGA,3697,MYR,3515,320,NK,New York,Myrtle Beach,Lufthansa Cargo
43480,NK,4687,LGA,3697,ORD,3830,320,NK,New York,Chicago,Lufthansa
43876,NZ,345,AKL,2006,SFO,3469,772 744,NZ,Auckland,San Francisco,Lufthansa
43889,NZ,345,ATL,3682,SFO,3469,738,NZ,Atlanta,San Francisco,Lufthansa Cargo
43929,NZ,345,FRA,340,SFO,3469,744,NZ,Frankfurt,San Francisco,Lufthansa Cargo
43931,NZ,345,GDL,1804,SFO,3469,319 738,NZ,Guadalajara,San Francisco,Lufthansa Cargo
43961,NZ,345,LHR,507,SFO,3469,777,NZ,London,San Francisco,Lufthansa Cargo
43967,NZ,345,MEX,1824,SFO,3469,320,NZ,Mexico City,San Francisco,Lufthansa Cargo
44039,NZ,345,SYD,3361,SFO,3469,777,NZ,Sydney,San Francisco,Jin Air
44385,OJ,3826,JFK,3797,KIN,1779,752,OJ,New York,Kingston,Jet2.com
44605,OS,491,JFK,3797,VIE,1613,772,OS,New York,Vienna,Jet2.com
45062,OZ,28,ICN,3930,SFO,3469,77L,OZ,Seoul,San Francisco,North Flying
45089,OZ,28,JFK,3797,ICN,3930,77W,OZ,New York,Seoul,Nova Airline
45814,PK,3871,JFK,3797,LHE,2207,777,PK,New York,Lahore,Malaysia Airlines
46209,PR,3952,MNL,2397,SFO,3469,744,PR,Manila,San Francisco,Peach Aviation
46285,PS,5282,JFK,3797,KBP,2939,767,PS,New York,Kiev,Calm Air
46945,QF,4089,JFK,3797,LAX,3484,744,QF,New York,Los Angeles,China Eastern Airlines
47485,QR,4091,JFK,3797,BCN,1218,763,QR,New York,Barcelona,China Eastern Airlines
47486,QR,4091,JFK,3797,CDG,1382,757,QR,New York,Paris,China Eastern Airlines
47487,QR,4091,JFK,3797,DOH,11051,77W,QR,New York,Doha,China Eastern Airlines
47488,QR,4091,JFK,3797,LAS,3877,738,QR,New York,Las Vegas,China Eastern Airlines
47489,QR,4091,JFK,3797,MSY,3861,E90,QR,New York,New Orleans,China Eastern Airlines
47490,QR,4091,JFK,3797,MXP,1524,763,QR,New York,Milano,China Eastern Airlines
47491,QR,4091,JFK,3797,ORD,3830,738,QR,New York,Chicago,China Eastern Airlines
47492,QR,4091,JFK,3797,SAN,3731,738,QR,New York,San Diego,China Eastern Airlines
48000,RJ,4259,JFK,3797,AMM,2170,340 330,RJ,New York,Amman,Air Vanuatu
48830,SA,4305,JFK,3797,JNB,813,346,SA,New York,Johannesburg,Spirit Airlines
49342,SE,5479,JFK,3797,CDG,1382,763 332,SE,New York,Paris,Air New Zealand
49904,SK,4319,CPH,609,SFO,3469,343,SK,Copenhagen,San Francisco,Austrian Airlines
50333,SN,1531,JFK,3797,BRU,302,333,SN,New York,Brussels,Ozark Air Lines
50469,SQ,4435,HKG,3077,SFO,3469,77W,SQ,Hong Kong,San Francisco,Ozark Air Lines
50475,SQ,4435,ICN,3930,SFO,3469,77W,SQ,Seoul,San Francisco,Ozark Air Lines
50479,SQ,4435,JFK,3797,FRA,340,388,SQ,New York,Frankfurt,Ozark Air Lines
50855,SU,130,JFK,3797,ATL,3682,752 319 738 757 M88,SU,New York,Atlanta,Patriot Airways
50856,SU,130,JFK,3797,SVO,2985,333 77W,SU,New York,Moscow,
51453,SV,4533,JFK,3797,JED,2072,777,SV,New York,Jeddah,Pegasus Airlines
51454,SV,4533,JFK,3797,RUH,2082,777,SV,New York,Riyadh,Air Fiji
51673,SY,4356,JFK,3797,MSP,3858,73G 738,SY,New York,Minneapolis,Air Fiji
51696,SY,4356,MSP,3858,SFO,3469,73G 738,SY,Minneapolis,San Francisco,Pegasus Airlines
52666,TK,4951,JFK,3797,IST,1701,330 77W,TK,New York,Istanbul,Precision Air
55765,UA,5209,ABQ,4019,SFO,3469,CRJ,UA,Albuquerque,San Francisco,Shandong Airlines
55768,UA,5209,ACV,4384,SFO,3469,EM2,UA,Arcata CA,San Francisco,Shandong Airlines
55777,UA,5209,AKL,2006,SFO,3469,772 744,UA,Auckland,San Francisco,Shandong Airlines
55809,UA,5209,ATL,3682,SFO,3469,738,UA,Atlanta,San Francisco,Sudan Airways
55824,UA,5209,AUS,3673,SFO,3469,738 319 320 739,UA,Austin,San Francisco,Sudan Airways
55841,UA,5209,BFL,3558,SFO,3469,EM2,UA,Bakersfield,San Francisco,XL Airways France
55873,UA,5209,BOI,3495,SFO,3469,CRJ CR7,UA,Boise,San Francisco,JetsGo
55888,UA,5209,BOS,3448,SFO,3469,752 753 739 738 73G,UA,Boston,San Francisco,Spicejet
55925,UA,5209,BUR,3644,SFO,3469,CR7 CRJ,UA,Burbank,San Francisco,JetsGo
55932,UA,5209,BWI,3849,SFO,3469,738 739 319,UA,Baltimore,San Francisco,Spicejet
55946,UA,5209,CDG,1382,SFO,3469,763,UA,Paris,San Francisco,Spicejet
55949,UA,5209,CEC,5727,SFO,3469,EM2,UA,Crescent City,San Francisco,JetsGo
55956,UA,5209,CIC,3710,SFO,3469,EM2,UA,Chico,San Francisco,Spicejet
56007,UA,5209,CLE,3486,SFO,3469,739 738 319,UA,Cleveland,San Francisco,JetsGo
56037,UA,5209,COS,3819,SFO,3469,CRJ,UA,Colorado Springs,San Francisco,JetsGo
56051,UA,5209,CUN,1852,SFO,3469,739,UA,Cancun,San Francisco,JetsGo
56074,UA,5209,DCA,3520,SFO,3469,738 73G,UA,Washington,San Francisco,Spicejet
56192,UA,5209,DEN,3751,SFO,3469,752 738 320 739 73G 319 753,UA,Denver,San Francisco,Spicejet
56225,UA,5209,DFW,3670,SFO,3469,319 739,UA,Dallas-Fort Worth,San Francisco,JetsGo
56279,UA,5209,EUG,4099,SFO,3469,CRJ CR7,UA,Eugene,San Francisco,Aéris (Priv)
56394,UA,5209,EWR,3494,SFO,3469,739 319 738 752 73G,UA,Newark,San Francisco,Sriwijaya Air
56431,UA,5209,FAT,3687,SFO,3469,EM2 CRJ,UA,Fresno,San Francisco,Scandinavian Airlines System
56454,UA,5209,FLL,3533,SFO,3469,738 752,UA,Fort Lauderdale,San Francisco,Scandinavian Airlines System
56483,UA,5209,FRA,340,SFO,3469,744,UA,Frankfurt,San Francisco,Scandinavian Airlines System
56495,UA,5209,GDL,1804,SFO,3469,319 738,UA,Guadalajara,San Francisco,Scandinavian Airlines System
56564,UA,5209,HKG,3077,SFO,3469,744,UA,Hong Kong,San Francisco,Scandinavian Airlines System
56584,UA,5209,HNL,3728,SFO,3469,764 777 738 753 739,UA,Honolulu,San Francisco,Scandinavian Airlines System
56687,UA,5209,IAD,3714,SFO,3469,752 320 753 738 739 319,UA,Washington,San Francisco,Scandinavian Airlines System
56834,UA,5209,IAH,3550,SFO,3469,319 739 738 320 788 73G 752,UA,Houston,San Francisco,Scandinavian Airlines System
56871,UA,5209,ICN,3930,SFO,3469,744,UA,Seoul,San Francisco,Scandinavian Airlines System
56884,UA,5209,IND,3585,SFO,3469,319,UA,Indianapolis,San Francisco,Scandinavian Airlines System
56899,UA,5209,JFK,3797,BOG,2709,330,UA,New York,Bogota,Scandinavian Airlines System
56900,UA,5209,JFK,3797,BRU,302,333,UA,New York,Brussels,Scandinavian Airlines System
56901,UA,5209,JFK,3797,CAI,1128,773,UA,New York,Cairo,Scandinavian Airlines System
56902,UA,5209,JFK,3797,DUB,599,330,UA,New York,Dublin,Scandinavian Airlines System
56903,UA,5209,JFK,3797,FRA,340,388 744,UA,New York,Frankfurt,Scandinavian Airlines System
56904,UA,5209,JFK,3797,GVA,1665,333,UA,New York,Geneva,Scandinavian Airlines System
56905,UA,5209,JFK,3797,IAD,3714,CRJ,UA,New York,Washington,Scandinavian Airlines System
56906,UA,5209,JFK,3797,ICN,3930,77W,UA,New York,Seoul,Scandinavian Airlines System
56907,UA,5209,JFK,3797,JNB,813,346,UA,New York,Johannesburg,Scandinavian Airlines System
56908,UA,5209,JFK,3797,LAX,3484,757,UA,New York,Los Angeles,Scandinavian Airlines System
56909,UA,5209,JFK,3797,MUC,346,333,UA,New York,Munich,Scandinavian Airlines System
56910,UA,5209,JFK,3797,NRT,2279,77W,UA,New York,Tokyo,Scandinavian Airlines System
56911,UA,5209,JFK,3797,PEK,3364,773,UA,New York,Beijing,Scandinavian Airlines System
56912,UA,5209,JFK,3797,PTY,1871,738,UA,New York,Panama City,Scandinavian Airlines System
56913,UA,5209,JFK,3797,SAL,1892,320,UA,New York,San Salvador,Scandinavian Airlines System
56914,UA,5209,JFK,3797,SFO,3469,757,UA,New York,San Francisco,Scandinavian Airlines System
56915,UA,5209,JFK,3797,VIE,1613,772,UA,New York,Vienna,Scandinavian Airlines System
56916,UA,5209,JFK,3797,ZRH,1678,333,UA,New York,Zurich,Scandinavian Airlines System
56926,UA,5209,KIX,3992,SFO,3469,777 788,UA,Osaka,San Francisco,Brussels Airlines
56929,UA,5209,KOA,3514,SFO,3469,753 739 738,UA,Kona,San Francisco,Brussels Airlines
56950,UA,5209,LAS,3877,SFO,3469,739 738 320 752 319 753,UA,Las Vegas,San Francisco,Brussels Airlines
57009,UA,5209,LAX,3484,SFO,3469,739 752 753 319 320 738,UA,Los Angeles,San Francisco,Brussels Airlines
57033,UA,5209,LGA,3697,CLE,3486,ERJ E70,UA,New York,Cleveland,Brussels Airlines
57034,UA,5209,LGA,3697,DEN,3751,752 320 738,UA,New York,Denver,Brussels Airlines
57035,UA,5209,LGA,3697,IAD,3714,CRJ ERJ E70 CR7,UA,New York,Washington,Brussels Airlines
57036,UA,5209,LGA,3697,IAH,3550,738 320 73G 319,UA,New York,Houston,Brussels Airlines
57037,UA,5209,LGA,3697,ORD,3830,319 320 738 73G 752,UA,New York,Chicago,Brussels Airlines
57038,UA,5209,LGA,3697,YOW,100,CRJ,UA,New York,Ottawa,Brussels Airlines
57039,UA,5209,LGA,3697,YUL,146,E75,UA,New York,Montreal,Brussels Airlines
57040,UA,5209,LGA,3697,YYZ,193,E90 CRA E75,UA,New York,Toronto,Brussels Airlines
57046,UA,5209,LHR,507,SFO,3469,777,UA,London,San Francisco,Brussels Airlines
57050,UA,5209,LIH,3602,SFO,3469,752,UA,Lihue,San Francisco,Brussels Airlines
57063,UA,5209,LMT,5750,SFO,3469,EM2,UA,Klamath Falls,San Francisco,Brussels Airlines
57087,UA,5209,MCI,3458,SFO,3469,CR7,UA,Kansas City,San Francisco,Brussels Airlines
57102,UA,5209,MCO,3878,SFO,3469,753 752 738 739,UA,Orlando,San Francisco,Brussels Airlines
57119,UA,5209,MEX,1824,SFO,3469,320,UA,Mexico City,San Francisco,SATA Air Acores
57122,UA,5209,MFR,4101,SFO,3469,CRJ EM2,UA,Medford,San Francisco,SATA Air Acores
57165,UA,5209,MOD,3816,SFO,3469,EM2,UA,Modesto,San Francisco,Singapore Airlines
57169,UA,5209,MRY,3948,SFO,3469,EM2,UA,Monterey,San Francisco,Singapore Airlines
57181,UA,5209,MSP,3858,SFO,3469,320 739 319,UA,Minneapolis,San Francisco,Singapore Airlines
57190,UA,5209,MSY,3861,SFO,3469,320 319 738,UA,New Orleans,San Francisco,Singapore Airlines Cargo
57202,UA,5209,MUC,346,SFO,3469,346,UA,Munich,San Francisco,Singapore Airlines Cargo
57225,UA,5209,NRT,2279,SFO,3469,744,UA,Tokyo,San Francisco,Singapore Airlines
57235,UA,5209,OGG,3456,SFO,3469,753 738,UA,Kahului,San Francisco,Singapore Airlines
57242,UA,5209,OKC,3863,SFO,3469,CR7,UA,Oklahoma City,San Francisco,Singapore Airlines Cargo
57250,UA,5209,ONT,3734,SFO,3469,CRJ,UA,Ontario,San Francisco,Singapore Airlines Cargo
57378,UA,5209,ORD,3830,SFO,3469,752 739 320 738 753 319 777,UA,Chicago,San Francisco,Singapore Airlines Cargo
57417,UA,5209,OTH,5757,SFO,3469,CRJ,UA,North Bend,San Francisco,Singapore Airlines
57438,UA,5209,PDX,3720,SFO,3469,319 739 320,UA,Portland,San Francisco,Singapore Airlines Cargo
57448,UA,5209,PEK,3364,SFO,3469,744,UA,Beijing,San Francisco,Singapore Airlines Cargo
57455,UA,5209,PHL,3752,SFO,3469,739 738 319 752,UA,Philadelphia,San Francisco,Singapore Airlines
57464,UA,5209,PHX,3462,SFO,3469,320,UA,Phoenix,San Francisco,Singapore Airlines Cargo
57476,UA,5209,PIT,3570,SFO,3469,320 319 738,UA,Pittsburgh,San Francisco,Singapore Airlines Cargo
57492,UA,5209,PSC,6133,SFO,3469,CRJ,UA,Pasco,San Francisco,Singapore Airlines Cargo
57497,UA,5209,PSP,3839,SFO,3469,CRJ CR7,UA,Palm Springs,San Francisco,Singapore Airlines
57518,UA,5209,PVG,3406,SFO,3469,744,UA,Shanghai,San Francisco,Singapore Airlines Cargo
57524,UA,5209,PVR,1836,SFO,3469,320,UA,Puerto Vallarta,San Francisco,Singapore Airlines Cargo
57528,UA,5209,RDD,4098,SFO,3469,EM2,UA,Redding,San Francisco,Singapore Airlines Cargo
57531,UA,5209,RDM,4103,SFO,3469,CRJ EM2,UA,Redmond-Bend,San Francisco,Singapore Airlines
57536,UA,5209,RDU,3626,SFO,3469,738 739,UA,Raleigh-durham,San Francisco,Singapore Airlines Cargo
57546,UA,5209,RNO,3807,SFO,3469,CR7 CRJ,UA,Reno,San Francisco,Singapore Airlines Cargo
57574,UA,5209,SAL,1892,SFO,3469,319 320,UA,San Salvador,San Francisco,Corsairfly
57581,UA,5209,SAN,3731,SFO,3469,739 738 320 319,UA,San Diego,San Francisco,Corsairfly
57591,UA,5209,SAT,3621,SFO,3469,CR7,UA,San Antonio,San Francisco,Corsairfly
57598,UA,5209,SBA,3949,SFO,3469,EM2,UA,Santa Barbara,San Francisco,Germania
57601,UA,5209,SBP,5768,SFO,3469,EM2,UA,San Luis Obispo,San Francisco,Germania
57623,UA,5209,SEA,3577,SFO,3469,319 739 320 738 752,UA,Seattle,San Francisco,Germania
57731,UA,5209,SJD,1840,SFO,3469,320 739 738,UA,San Jose Del Cabo,San Francisco,Aeroflot Russian Airlines
57745,UA,5209,SLC,3536,SFO,3469,738 320 319,UA,Salt Lake City,San Francisco,Aeroflot Russian Airlines
57754,UA,5209,SMF,3817,SFO,3469,EM2,UA,Sacramento,San Francisco,Aeroflot Russian Airlines
57760,UA,5209,SNA,3867,SFO,3469,738 319 320,UA,Santa Ana,San Francisco,Aeroflot Russian Airlines
57774,UA,5209,STL,3678,SFO,3469,320 319,UA,St. Louis,San Francisco,Aeroflot Russian Airlines
57786,UA,5209,SYD,3361,SFO,3469,777,UA,Sydney,San Francisco,Aeroflot Russian Airlines
57812,UA,5209,TPE,2276,SFO,3469,777,UA,Taipei,San Francisco,Aeroflot Russian Airlines
57825,UA,5209,TUS,3636,SFO,3469,CRJ,UA,Tucson,San Francisco,Aeroflot Russian Airlines
57856,UA,5209,YEG,49,SFO,3469,CR7,UA,Edmonton,San Francisco,Aeroflot Russian Airlines
57882,UA,5209,YUL,146,SFO,3469,319,UA,Montreal,San Francisco,Aeroflot Russian Airlines
57892,UA,5209,YVR,156,SFO,3469,320 319 739 738,UA,Vancouver,San Francisco,Aeroflot Russian Airlines
57902,UA,5209,YYC,178,SFO,3469,CR7,UA,Calgary,San Francisco,Aeroflot Russian Airlines
57903,UA,5209,YYJ,184,SFO,3469,CRJ,UA,Victoria,San Francisco,Aeroflot Russian Airlines
57923,UA,5209,YYZ,193,SFO,3469,320,UA,Toronto,San Francisco,Aeroflot Russian Airlines
57936,UA,5209,ZRH,1678,SFO,3469,343,UA,Zurich,San Francisco,Aeroflot Russian Airlines
58242,UN,5067,JFK,3797,VKO,2988,777,UN,New York,Moscow,Saudi Arabian Airlines
58278,UN,5067,LHR,507,SFO,3469,744,UN,London,San Francisco,Saudi Arabian Airlines
58861,US,5265,CLT,3876,SFO,3469,321,US,Charlotte,San Francisco,
59161,US,5265,DFW,3670,SFO,3469,738 757 763,US,Dallas-Fort Worth,San Francisco,Thai Airways International
59333,US,5265,HKG,3077,SFO,3469,77W,US,Hong Kong,San Francisco,Turkish Airlines
59373,US,5265,ICN,3930,SFO,3469,77W,US,Seoul,San Francisco,Turkish Airlines
59412,US,5265,JFK,3797,AMM,2170,340 330,US,New York,Amman,Turkish Airlines
59413,US,5265,JFK,3797,ANU,2874,738,US,New York,Antigua,Turkish Airlines
59414,US,5265,JFK,3797,AUS,3673,738,US,New York,Austin,Turkish Airlines
59415,US,5265,JFK,3797,BCN,1218,763,US,New York,Barcelona,Turkish Airlines
59416,US,5265,JFK,3797,BDA,4069,738,US,New York,Bermuda,Turkish Airlines
59417,US,5265,JFK,3797,BNA,3690,ER4,US,New York,Nashville,Turkish Airlines
59418,US,5265,JFK,3797,BOG,2709,319,US,New York,Bogota,Turkish Airlines
59419,US,5265,JFK,3797,BOS,3448,738,US,New York,Boston,Turkish Airlines
59420,US,5265,JFK,3797,BWI,3849,ER4,US,New York,Baltimore,Turkish Airlines
59421,US,5265,JFK,3797,CDG,1382,763 757,US,New York,Paris,Turkish Airlines
59422,US,5265,JFK,3797,CLE,3486,ER4,US,New York,Cleveland,Turkish Airlines
59423,US,5265,JFK,3797,CLT,3876,321 319,US,New York,Charlotte,Turkish Airlines
59424,US,5265,JFK,3797,CMH,3759,CR7,US,New York,Columbus,Turkish Airlines
59425,US,5265,JFK,3797,CUN,1852,738,US,New York,Cancun,Turkish Airlines
59426,US,5265,JFK,3797,CVG,3488,ER4,US,New York,Cincinnati,Turkish Airlines
59427,US,5265,JFK,3797,DCA,3520,738,US,New York,Washington,Turkish Airlines
59428,US,5265,JFK,3797,DFW,3670,738 757,US,New York,Dallas-Fort Worth,Turkish Airlines
59429,US,5265,JFK,3797,DUB,599,757,US,New York,Dublin,Turkish Airlines
59430,US,5265,JFK,3797,FCO,1555,763,US,New York,Rome,Turkish Airlines
59431,US,5265,JFK,3797,FRA,340,388,US,New York,Frankfurt,Turkish Airlines
59432,US,5265,JFK,3797,GIG,2560,763,US,New York,Rio De Janeiro,Turkish Airlines
59433,US,5265,JFK,3797,GRU,2564,77W 777,US,New York,Sao Paulo,Turkish Airlines
59434,US,5265,JFK,3797,IND,3585,ER4,US,New York,Indianapolis,Turkish Airlines
59435,US,5265,JFK,3797,IST,1701,330 77W,US,New York,Istanbul,Turkish Airlines
59436,US,5265,JFK,3797,JNB,813,346,US,New York,Johannesburg,Turkish Airlines
59437,US,5265,JFK,3797,LAS,3877,738,US,New York,Las Vegas,Turkish Airlines
59438,US,5265,JFK,3797,LAX,3484,32B 762,US,New York,Los Angeles,Turkish Airlines
59439,US,5265,JFK,3797,LHR,507,77W,US,New York,London,Turkish Airlines
59440,US,5265,JFK,3797,MAD,1229,757,US,New York,Madrid,Turkish Airlines
59441,US,5265,JFK,3797,MAN,478,757,US,New York,Manchester,Turkish Airlines
59442,US,5265,JFK,3797,MCO,3878,763 757,US,New York,Orlando,Turkish Airlines
59443,US,5265,JFK,3797,MDE,2745,319,US,New York,Rio Negro,Turkish Airlines
59444,US,5265,JFK,3797,MIA,3576,757 738,US,New York,Miami,Turkish Airlines
59445,US,5265,JFK,3797,MXP,1524,763,US,New York,Milano,Turkish Airlines
59446,US,5265,JFK,3797,ORD,3830,738,US,New York,Chicago,Turkish Airlines
59447,US,5265,JFK,3797,ORF,3611,ER4,US,New York,Norfolk,Turkish Airlines
59448,US,5265,JFK,3797,PEK,3364,773,US,New York,Beijing,Turkish Airlines
59449,US,5265,JFK,3797,PHX,3462,321,US,New York,Phoenix,Turkish Airlines
59450,US,5265,JFK,3797,PIT,3570,ER4,US,New York,Pittsburgh,Turkish Airlines
59451,US,5265,JFK,3797,RDU,3626,ERD CR7,US,New York,Raleigh-durham,Turkish Airlines
59452,US,5265,JFK,3797,SAL,1892,320,US,New York,San Salvador,Turkish Airlines
59453,US,5265,JFK,3797,SAN,3731,738,US,New York,San Diego,Turkish Airlines
59454,US,5265,JFK,3797,SEA,3577,738,US,New York,Seattle,Turkish Airlines
59455,US,5265,JFK,3797,SFO,3469,32B 763,US,New York,San Francisco,Turkish Airlines
59456,US,5265,JFK,3797,SJO,1885,738,US,New York,San Jose,Turkish Airlines
59457,US,5265,JFK,3797,SJU,2890,757,US,New York,San Juan,Turkish Airlines
59458,US,5265,JFK,3797,STT,2883,757,US,New York,St. Thomas,Turkish Airlines
59459,US,5265,JFK,3797,SXM,2899,757,US,New York,Philipsburg,Turkish Airlines
59460,US,5265,JFK,3797,TPA,3646,CR7,US,New York,Tampa,Turkish Airlines
59461,US,5265,JFK,3797,YUL,146,ERD,US,New York,Montreal,Turkish Airlines
59462,US,5265,JFK,3797,YYZ,193,CR7,US,New York,Toronto,Turkish Airlines
59463,US,5265,JFK,3797,ZRH,1678,763,US,New York,Zurich,Turkish Airlines
59531,US,5265,LAX,3484,SFO,3469,738,US,Los Angeles,San Francisco,Turkish Airlines
59548,US,5265,LGA,3697,BNA,3690,CR7,US,New York,Nashville,Turkish Airlines
59549,US,5265,LGA,3697,BOS,3448,319 E90,US,New York,Boston,Turkish Airlines
59550,US,5265,LGA,3697,CHO,4015,ERD,US,New York,Charlottesville VA,Turkish Airlines
59551,US,5265,LGA,3697,CLT,3876,321 319 320,US,New York,Charlotte,Turkish Airlines
59552,US,5265,LGA,3697,CMH,3759,CR7 ERD,US,New York,Columbus,Turkish Airlines
59553,US,5265,LGA,3697,DAY,3627,ERD,US,New York,Dayton,Turkish Airlines
59554,US,5265,LGA,3697,DCA,3520,319 E90,US,New York,Washington,Turkish Airlines
59555,US,5265,LGA,3697,DFW,3670,738,US,New York,Dallas-Fort Worth,Turkish Airlines
59556,US,5265,LGA,3697,DTW,3645,CR7,US,New York,Detroit,Turkish Airlines
59557,US,5265,LGA,3697,GSO,4008,ERD,US,New York,Greensboro,Turkish Airlines
59558,US,5265,LGA,3697,ILM,3845,ERD,US,New York,Wilmington,Turkish Airlines
59559,US,5265,LGA,3697,LIT,3660,CR7,US,New York,Little Rock,Turkish Airlines
59560,US,5265,LGA,3697,MIA,3576,738,US,New York,Miami,Turkish Airlines
59561,US,5265,LGA,3697,ORD,3830,738,US,New York,Chicago,Turkish Airlines
59562,US,5265,LGA,3697,ORF,3611,ERD,US,New York,Norfolk,Turkish Airlines
59563,US,5265,LGA,3697,PBI,3722,738,US,New York,West Palm Beach,Turkish Airlines
59564,US,5265,LGA,3697,PHL,3752,E90 319,US,New York,Philadelphia,Turkish Airlines
59565,US,5265,LGA,3697,PIT,3570,CRJ E75,US,New York,Pittsburgh,Turkish Airlines
59566,US,5265,LGA,3697,RDU,3626,ERD CR7,US,New York,Raleigh-durham,Turkish Airlines
59567,US,5265,LGA,3697,RIC,3608,ERD,US,New York,Richmond,Turkish Airlines
59568,US,5265,LGA,3697,ROA,4016,ERD,US,New York,Roanoke VA,Turkish Airlines
59569,US,5265,LGA,3697,SDF,4014,ERD,US,New York,Louisville,Turkish Airlines
59570,US,5265,LGA,3697,STL,3678,CR7,US,New York,St. Louis,Turkish Airlines
59571,US,5265,LGA,3697,TYS,3676,ERD,US,New York,Knoxville,Turkish Airlines
59572,US,5265,LGA,3697,XNA,4356,CR7,US,New York,Bentonville,Turkish Airlines
59573,US,5265,LGA,3697,YUL,146,ERD,US,New York,Montreal,Turkish Airlines
59574,US,5265,LGA,3697,YYZ,193,CR7,US,New York,Toronto,Turkish Airlines
59773,US,5265,MIA,3576,SFO,3469,763 757 738,US,Miami,San Francisco,Turkish Airlines
59967,US,5265,ORD,3830,SFO,3469,738,US,Chicago,San Francisco,Airnorth
60012,US,5265,PEK,3364,SFO,3469,773,US,Beijing,San Francisco,Air Mozambique
60116,US,5265,PHL,3752,SFO,3469,320 321,US,Philadelphia,San Francisco,President Airlines
60194,US,5265,PHX,3462,SFO,3469,320 321,US,Phoenix,San Francisco,President Airlines
60305,US,5265,SAL,1892,SFO,3469,319 320,US,San Salvador,San Francisco,Transavia France
60460,US,5265,TPE,2276,SFO,3469,77W,US,Taipei,San Francisco,President Airlines
60603,UX,90,JFK,3797,MAD,1229,332,UX,New York,Madrid,Transavia France
61699,VS,5347,ATL,3682,SFO,3469,763 739 757,VS,Atlanta,San Francisco,Tunisair
61744,VS,5347,JFK,3797,ATL,3682,752 319 738 757 M88,VS,New York,Atlanta,Tunisair
61745,VS,5347,JFK,3797,LHR,507,333 346 744,VS,New York,London,Tunisair
61746,VS,5347,JFK,3797,MSY,3861,CR9,VS,New York,New Orleans,Tunisair
61786,VS,5347,LHR,507,SFO,3469,744,VS,London,San Francisco,Tunisair
61985,VX,5331,AUS,3673,SFO,3469,319,VX,Austin,San Francisco,Air Cal
61987,VX,5331,BOS,3448,SFO,3469,320,VX,Boston,San Francisco,Scoot
61989,VX,5331,CUN,1852,SFO,3469,320,VX,Cancun,San Francisco,Scoot
61990,VX,5331,DCA,3520,SFO,3469,320,VX,Washington,San Francisco,Scoot
61992,VX,5331,DFW,3670,SFO,3469,319 320,VX,Dallas-Fort Worth,San Francisco,Scoot
61994,VX,5331,EWR,3494,SFO,3469,320,VX,Newark,San Francisco,Scoot
61996,VX,5331,FLL,3533,SFO,3469,320,VX,Fort Lauderdale,San Francisco,Scoot
61998,VX,5331,IAD,3714,SFO,3469,319 320,VX,Washington,San Francisco,Scoot
61999,VX,5331,JFK,3797,LAS,3877,320,VX,New York,Las Vegas,Scoot
62000,VX,5331,JFK,3797,LAX,3484,320,VX,New York,Los Angeles,Scoot
62001,VX,5331,JFK,3797,SFO,3469,320,VX,New York,San Francisco,Scoot
62004,VX,5331,LAS,3877,SFO,3469,320 319,VX,Las Vegas,San Francisco,Scoot
62017,VX,5331,LAX,3484,SFO,3469,320 319,VX,Los Angeles,San Francisco,easyJet
62020,VX,5331,MCO,3878,SFO,3469,320,VX,Orlando,San Francisco,United Feeder Service
62022,VX,5331,ORD,3830,SFO,3469,320,VX,Chicago,San Francisco,United Feeder Service
62023,VX,5331,PDX,3720,SFO,3469,320,VX,Portland,San Francisco,easyJet
62025,VX,5331,PHL,3752,SFO,3469,319,VX,Philadelphia,San Francisco,easyJet
62026,VX,5331,PVR,1836,SFO,3469,320,VX,Puerto Vallarta,San Francisco,United Feeder Service
62027,VX,5331,SAN,3731,SFO,3469,319 320,VX,San Diego,San Francisco,easyJet
62029,VX,5331,SEA,3577,SFO,3469,319 320,VX,Seattle,San Francisco,easyJet
62050,VX,5331,SJD,1840,SFO,3469,320,VX,San Jose Del Cabo,San Francisco,United Feeder Service
62537,W3,20976,JFK,3797,LOS,273,345,W3,New York,Lagos,easyJet
63479,WN,4547,ATL,3682,SFO,3469,73W,WN,Atlanta,San Francisco,easyJet
63744,WN,4547,DEN,3751,SFO,3469,73W,WN,Denver,San Francisco,United Feeder Service
63959,WN,4547,LAS,3877,SFO,3469,733 73W 73H 73C,WN,Las Vegas,San Francisco,easyJet
63985,WN,4547,LAX,3484,SFO,3469,73W 73C 733,WN,Los Angeles,San Francisco,easyJet
63994,WN,4547,LGA,3697,ATL,3682,73W,WN,New York,Atlanta,United Feeder Service
63995,WN,4547,LGA,3697,BNA,3690,73W,WN,New York,Nashville,easyJet
63996,WN,4547,LGA,3697,CAK,4112,73W,WN,New York,Akron,United Feeder Service
63997,WN,4547,LGA,3697,DEN,3751,73W,WN,New York,Denver,easyJet
63998,WN,4547,LGA,3697,HOU,3566,73W,WN,New York,Houston,United Feeder Service
63999,WN,4547,LGA,3697,MDW,3747,73H 73W,WN,New York,Chicago,easyJet
64000,WN,4547,LGA,3697,MKE,3717,73W,WN,New York,Milwaukee,United Feeder Service
64001,WN,4547,LGA,3697,STL,3678,73W,WN,New York,St. Louis,easyJet
64131,WN,4547,MDW,3747,SFO,3469,73W,WN,Chicago,San Francisco,easyJet
64164,WN,4547,MKE,3717,SFO,3469,73W,WN,Milwaukee,San Francisco,United Feeder Service
64303,WN,4547,PHX,3462,SFO,3469,73W 733,WN,Phoenix,San Francisco,Ural Airlines
64386,WN,4547,SAN,3731,SFO,3469,73W 73C 733,WN,San Diego,San Francisco,Ural Airlines
64478,WN,4547,SNA,3867,SFO,3469,73W,WN,Santa Ana,San Francisco,Ural Airlines
64593,WS,5416,JFK,3797,YUL,146,ERJ CRJ,WS,New York,Montreal,United Airlines
64594,WS,5416,JFK,3797,YYC,178,736,WS,New York,Calgary,United Airlines
64595,WS,5416,JFK,3797,YYZ,193,CRJ CR7 ERJ,WS,New York,Toronto,United Airlines
64611,WS,5416,LGA,3697,ATL,3682,M88 757 320 738 739 73W,WS,New York,Atlanta,United Airlines
64612,WS,5416,LGA,3697,MSY,3861,319 CR9,WS,New York,New Orleans,United Airlines
64613,WS,5416,LGA,3697,YHZ,73,CR7,WS,New York,Halifax,United Airlines
64614,WS,5416,LGA,3697,YUL,146,ERJ CR7,WS,New York,Montreal,United Airlines
64615,WS,5416,LGA,3697,YYZ,193,736 73W,WS,New York,Toronto,United Airlines
64764,WS,5416,YVR,156,SFO,3469,73W,WS,Vancouver,San Francisco,United Airlines
64816,WS,5416,YYC,178,SFO,3469,73W,WS,Calgary,San Francisco,United Airlines
65445,XL,1034,JFK,3797,GYE,2673,763,XL,New York,Guayaquil,United Airlines
